S/N,Latitude,Longitude,Location,LGA,State,24hr,3day,7day
1,11.99498,8.61964,Fagge Camp,Fagge,Kano,MODERATE,MODERATE,LOW
2,5.03158,7.04495,Okrika Layout,Okrika,Rivers,HIGH,LOW,LOW
3,10.52578,7.40996,Igabi Extension,Igabi,Kaduna,CRITICAL,HIGH,LOW
4,5.81333,7.07828,Nnewi South GRA,Nnewi South,Anambra,HIGH,MODERATE,LOW
5,5.46578,6.27147,Border Ethiope West,Ethiope West,Delta,MODERATE,MODERATE,LOW
6,7.79595,3.65726,Ogbomosho South Village,Ogbomosho South,Oyo,LOW,MODERATE,MODERATE
7,11.34871,14.36379,Kala Layout,Kala-Balge,Borno,LOW,HIGH,MODERATE
8,6.41299,7.76743,Awgu Extension,Awgu,Enugu,LOW,MODERATE,MODERATE
9,10.67591,7.01611,Katcha GRA,Katcha,Niger,MODERATE,HIGH,MODERATE
10,9.45148,8.68097,Greater Quan Pan,Quan Pan,Plateau,LOW,MODERATE,CRITICAL
11,5.73884,8.62274,Odukpani Town,Odukpani,Cross River,CRITICAL,LOW,CRITICAL
12,5.80795,7.46767,Ngor Okpala Layout,Ngor Okpala,Imo,LOW,MODERATE,MODERATE
13,10.9278,9.9275,Shira Extension,Shira,Bauchi,CRITICAL,HIGH,HIGH
14,7.80394,8.97727,Apa GRA,Apa,Benue,HIGH,MODERATE,MODERATE
15,5.03646,8.01093,North Uyo,Uyo,Akwa Ibom,LOW,MODERATE,MODERATE
16,8.43842,10.04888,Wukari Junction,Wukari,Taraba,CRITICAL,CRITICAL,MODERATE
17,12.14285,5.83713,Yauri Layout,Yauri,Kebbi,MODERATE,LOW,LOW
18,12.88202,5.95302,Dange Extension,Dange-Shuni,Sokoto,HIGH,LOW,HIGH
19,13.44082,7.32135,Bungudu GRA,Bungudu,Zamfara,MODERATE,CRITICAL,CRITICAL
20,6.41012,3.38133,Outer Kosofe,Kosofe,Lagos,HIGH,HIGH,MODERATE
21,12.31465,8.72223,Kumbotso Settlement,Kumbotso,Kano,LOW,MODERATE,LOW
22,4.9623,6.99045,Oyigbo Layout,Oyigbo,Rivers,LOW,MODERATE,CRITICAL
23,10.52888,8.08133,Sanga Extension,Sanga,Kaduna,MODERATE,HIGH,CRITICAL
24,6.03061,7.05821,Aguata GRA,Aguata,Anambra,LOW,MODERATE,MODERATE
25,5.68022,6.37269,Border Isoko North,Isoko North,Delta,LOW,MODERATE,HIGH
26,7.78297,4.2714,Akinyele Camp,Akinyele,Oyo,LOW,LOW,MODERATE
27,11.29184,14.36721,Guzamala Layout,Guzamala,Borno,MODERATE,CRITICAL,LOW
28,6.19242,7.26662,Ezeagu Extension,Ezeagu,Enugu,LOW,LOW,MODERATE
29,9.75014,4.58135,Edati GRA,Edati,Niger,HIGH,MODERATE,MODERATE
30,9.18567,8.5232,Lower Jos North,Jos North,Plateau,HIGH,MODERATE,CRITICAL
31,5.46058,9.47951,Calabar South Settlement,Calabar South,Cross River,CRITICAL,MODERATE,HIGH
32,5.70751,7.32609,Owerri West Layout,Owerri West,Imo,LOW,HIGH,LOW
33,9.97059,10.14457,Toro Extension,Toro,Bauchi,HIGH,MODERATE,LOW
34,7.95728,9.15189,Vandeikya GRA,Vandeikya,Benue,CRITICAL,CRITICAL,HIGH
35,5.08688,7.46048,Central Etinan,Etinan,Akwa Ibom,LOW,LOW,HIGH
36,9.1961,10.58665,Lau Market,Lau,Taraba,HIGH,HIGH,MODERATE
37,11.37949,5.72434,Gwandu Layout,Gwandu,Kebbi,LOW,HIGH,LOW
38,13.27299,5.40933,Isa Extension,Isa,Sokoto,HIGH,MODERATE,LOW
39,11.86281,5.94953,Maru GRA,Maru,Zamfara,HIGH,CRITICAL,HIGH
40,6.45489,3.47421,New Ikorodu,Ikorodu,Lagos,MODERATE,LOW,MODERATE
41,12.32006,8.50688,Bebeji Camp,Bebeji,Kano,LOW,CRITICAL,HIGH
42,4.75632,6.99445,Ahoada East Layout,Ahoada East,Rivers,LOW,HIGH,CRITICAL
43,10.51215,7.78145,Ikara Extension,Ikara,Kaduna,HIGH,HIGH,HIGH
44,6.28694,6.84644,Anaocha GRA,Anaocha,Anambra,LOW,LOW,HIGH
45,5.60272,6.28481,East Warri South,Warri South,Delta,MODERATE,HIGH,CRITICAL
46,7.40933,4.01647,Ibadan South Village,Ibadan South-East,Oyo,HIGH,MODERATE,HIGH
47,12.41603,14.36756,Konduga Layout,Konduga,Borno,CRITICAL,HIGH,MODERATE
48,6.01547,7.74665,Igbo Extension,Igbo-Eze North,Enugu,LOW,LOW,HIGH
49,9.3996,5.34879,Suleja GRA,Suleja,Niger,CRITICAL,HIGH,LOW
50,9.52469,9.31429,New Bassa,Bassa,Plateau,LOW,MODERATE,LOW
51,6.20419,8.40745,Etung Settlement,Etung,Cross River,MODERATE,MODERATE,MODERATE
52,5.57676,7.21142,Ideato North Layout,Ideato North,Imo,LOW,CRITICAL,HIGH
53,10.99847,10.48355,Kirfi Extension,Kirfi,Bauchi,LOW,HIGH,HIGH
54,7.15762,8.10687,Tarka GRA,Tarka,Benue,MODERATE,HIGH,LOW
55,4.83227,7.44955,South Mbo,Mbo,Akwa Ibom,MODERATE,MODERATE,LOW
56,8.09538,10.83475,Zing Village,Zing,Taraba,CRITICAL,LOW,MODERATE
57,11.91024,5.79257,Shanga Layout,Shanga,Kebbi,HIGH,LOW,CRITICAL
58,12.77168,5.50587,Silame Extension,Silame,Sokoto,CRITICAL,LOW,LOW
59,12.93295,6.7493,Bukkuyum GRA,Bukkuyum,Zamfara,MODERATE,MODERATE,HIGH
60,6.42809,3.11395,New Ikeja,Ikeja,Lagos,MODERATE,MODERATE,MODERATE
61,11.87478,8.77211,Fagge Market,Fagge,Kano,CRITICAL,MODERATE,CRITICAL
62,4.91297,7.21141,Okrika Layout,Okrika,Rivers,MODERATE,HIGH,MODERATE
63,11.08744,7.71774,Igabi Extension,Igabi,Kaduna,MODERATE,CRITICAL,LOW
64,5.9377,6.97569,Nnewi South GRA,Nnewi South,Anambra,MODERATE,MODERATE,HIGH
65,5.71241,5.90423,Central Ethiope West,Ethiope West,Delta,MODERATE,MODERATE,MODERATE
66,8.14246,4.08554,Ogbomosho South Village,Ogbomosho South,Oyo,MODERATE,HIGH,LOW
67,11.16989,13.96554,Kala Layout,Kala-Balge,Borno,MODERATE,MODERATE,LOW
68,6.30509,7.49861,Awgu Extension,Awgu,Enugu,HIGH,HIGH,LOW
69,10.05767,6.91221,Katcha GRA,Katcha,Niger,LOW,MODERATE,LOW
70,9.36559,9.0247,North Quan Pan,Quan Pan,Plateau,HIGH,MODERATE,MODERATE
71,6.0828,8.57935,Odukpani Camp,Odukpani,Cross River,MODERATE,MODERATE,HIGH
72,5.86578,7.45591,Ngor Okpala Layout,Ngor Okpala,Imo,MODERATE,MODERATE,MODERATE
73,10.14228,10.14567,Shira Extension,Shira,Bauchi,MODERATE,MODERATE,CRITICAL
74,7.7529,8.63938,Apa GRA,Apa,Benue,MODERATE,HIGH,HIGH
75,4.85392,7.38707,Outer Uyo,Uyo,Akwa Ibom,LOW,LOW,CRITICAL
76,9.03622,11.15593,Wukari Camp,Wukari,Taraba,CRITICAL,CRITICAL,CRITICAL
77,11.24738,4.17042,Yauri Layout,Yauri,Kebbi,LOW,HIGH,HIGH
78,13.45083,5.92829,Dange Extension,Dange-Shuni,Sokoto,CRITICAL,MODERATE,MODERATE
79,12.02291,5.84738,Bungudu GRA,Bungudu,Zamfara,HIGH,MODERATE,MODERATE
80,6.4312,3.46088,East Kosofe,Kosofe,Lagos,CRITICAL,HIGH,LOW
81,12.12208,8.54169,Kumbotso Junction,Kumbotso,Kano,MODERATE,LOW,MODERATE
82,4.85639,7.09972,Oyigbo Layout,Oyigbo,Rivers,CRITICAL,MODERATE,LOW
83,10.34632,7.56196,Sanga Extension,Sanga,Kaduna,LOW,MODERATE,LOW
84,6.08124,7.10651,Aguata GRA,Aguata,Anambra,MODERATE,HIGH,HIGH
85,5.53661,5.92222,Central Isoko North,Isoko North,Delta,HIGH,LOW,LOW
86,7.26375,3.68654,Akinyele Estate,Akinyele,Oyo,CRITICAL,MODERATE,MODERATE
87,11.70642,13.29387,Guzamala Layout,Guzamala,Borno,MODERATE,LOW,CRITICAL
88,6.04488,7.68847,Ezeagu Extension,Ezeagu,Enugu,HIGH,MODERATE,LOW
89,9.6903,6.35395,Edati GRA,Edati,Niger,MODERATE,LOW,HIGH
90,10.39676,8.46422,South Jos North,Jos North,Plateau,HIGH,CRITICAL,MODERATE
91,5.25624,9.44936,Calabar South Market,Calabar South,Cross River,HIGH,LOW,HIGH
92,5.66148,7.34959,Owerri West Layout,Owerri West,Imo,CRITICAL,MODERATE,MODERATE
93,11.07182,9.64484,Toro Extension,Toro,Bauchi,MODERATE,MODERATE,LOW
94,7.44362,8.80303,Vandeikya GRA,Vandeikya,Benue,MODERATE,MODERATE,MODERATE
95,4.50228,7.51091,South Etinan,Etinan,Akwa Ibom,MODERATE,MODERATE,CRITICAL
96,8.79344,11.09496,Lau Camp,Lau,Taraba,HIGH,MODERATE,CRITICAL
97,12.53149,4.60846,Gwandu Layout,Gwandu,Kebbi,CRITICAL,HIGH,MODERATE
98,12.82055,5.58186,Isa Extension,Isa,Sokoto,LOW,HIGH,MODERATE
99,13.27,5.87517,Maru GRA,Maru,Zamfara,LOW,HIGH,LOW
100,6.31566,3.40579,Old Ikorodu,Ikorodu,Lagos,MODERATE,LOW,CRITICAL
101,12.3999,8.56955,Bebeji District,Bebeji,Kano,CRITICAL,CRITICAL,HIGH
102,4.73652,6.93362,Ahoada East Layout,Ahoada East,Rivers,MODERATE,LOW,MODERATE
103,10.60346,7.51196,Ikara Extension,Ikara,Kaduna,CRITICAL,CRITICAL,HIGH
104,6.19275,7.01826,Anaocha GRA,Anaocha,Anambra,LOW,HIGH,HIGH
105,5.68726,5.81545,Inner Warri South,Warri South,Delta,CRITICAL,MODERATE,MODERATE
106,7.8096,4.44334,Ibadan South Town,Ibadan South-East,Oyo,HIGH,LOW,MODERATE
107,11.92473,12.47155,Konduga Layout,Konduga,Borno,CRITICAL,LOW,CRITICAL
108,6.69934,7.56916,Igbo Extension,Igbo-Eze North,Enugu,CRITICAL,CRITICAL,HIGH
109,9.1783,4.96005,Suleja GRA,Suleja,Niger,LOW,LOW,LOW
110,10.34512,9.30869,West Bassa,Bassa,Plateau,CRITICAL,HIGH,MODERATE
111,5.7039,8.58056,Etung Settlement,Etung,Cross River,LOW,CRITICAL,HIGH
112,5.48197,7.24195,Ideato North Layout,Ideato North,Imo,MODERATE,LOW,LOW
113,10.95982,9.59732,Kirfi Extension,Kirfi,Bauchi,CRITICAL,MODERATE,LOW
114,7.70646,8.46972,Tarka GRA,Tarka,Benue,LOW,HIGH,CRITICAL
115,4.80758,7.80708,Inner Mbo,Mbo,Akwa Ibom,CRITICAL,MODERATE,MODERATE
116,8.27726,11.08713,Zing Settlement,Zing,Taraba,LOW,HIGH,LOW
117,12.97045,3.93918,Shanga Layout,Shanga,Kebbi,HIGH,CRITICAL,MODERATE
118,12.99068,5.55637,Silame Extension,Silame,Sokoto,LOW,HIGH,CRITICAL
119,12.72459,6.40185,Bukkuyum GRA,Bukkuyum,Zamfara,LOW,MODERATE,MODERATE
120,6.45014,3.5799,Upper Ikeja,Ikeja,Lagos,CRITICAL,HIGH,MODERATE
121,12.29021,8.95151,Fagge Market,Fagge,Kano,LOW,LOW,HIGH
122,5.0811,7.32789,Okrika Layout,Okrika,Rivers,CRITICAL,HIGH,MODERATE
123,10.88531,7.75042,Igabi Extension,Igabi,Kaduna,MODERATE,HIGH,LOW
124,5.80844,6.9857,Nnewi South GRA,Nnewi South,Anambra,HIGH,HIGH,MODERATE
125,5.55369,5.60994,North Ethiope West,Ethiope West,Delta,CRITICAL,HIGH,MODERATE
126,7.30778,4.21398,Ogbomosho South Estate,Ogbomosho South,Oyo,HIGH,CRITICAL,MODERATE
127,12.46475,13.82148,Kala Layout,Kala-Balge,Borno,MODERATE,MODERATE,MODERATE
128,6.59534,7.77403,Awgu Extension,Awgu,Enugu,HIGH,MODERATE,LOW
129,10.68629,6.18676,Katcha GRA,Katcha,Niger,MODERATE,MODERATE,CRITICAL
130,9.00816,9.74932,Upper Quan Pan,Quan Pan,Plateau,HIGH,MODERATE,HIGH
131,5.24624,8.07709,Odukpani Village,Odukpani,Cross River,MODERATE,MODERATE,CRITICAL
132,5.84442,7.04581,Ngor Okpala Layout,Ngor Okpala,Imo,CRITICAL,HIGH,HIGH
133,10.42402,10.60507,Shira Extension,Shira,Bauchi,MODERATE,CRITICAL,MODERATE
134,7.86751,8.47077,Apa GRA,Apa,Benue,MODERATE,HIGH,HIGH
135,4.83971,7.97029,North Uyo,Uyo,Akwa Ibom,LOW,LOW,HIGH
136,7.93022,10.20705,Wukari Estate,Wukari,Taraba,MODERATE,MODERATE,LOW
137,11.94586,5.41345,Yauri Layout,Yauri,Kebbi,HIGH,HIGH,LOW
138,13.04366,4.7,Dange Extension,Dange-Shuni,Sokoto,HIGH,LOW,CRITICAL
139,12.51341,6.33761,Bungudu GRA,Bungudu,Zamfara,CRITICAL,HIGH,MODERATE
140,6.63662,3.60494,Old Kosofe,Kosofe,Lagos,MODERATE,MODERATE,MODERATE
141,12.33386,8.83213,Kumbotso Settlement,Kumbotso,Kano,MODERATE,HIGH,CRITICAL
142,4.83817,7.21349,Oyigbo Layout,Oyigbo,Rivers,CRITICAL,CRITICAL,MODERATE
143,10.58119,7.73417,Sanga Extension,Sanga,Kaduna,CRITICAL,MODERATE,MODERATE
144,5.93834,6.7483,Aguata GRA,Aguata,Anambra,MODERATE,MODERATE,MODERATE
145,5.6289,6.14415,Lower Isoko North,Isoko North,Delta,MODERATE,HIGH,LOW
146,7.88379,4.04588,Akinyele Village,Akinyele,Oyo,MODERATE,MODERATE,HIGH
147,13.26328,13.10217,Guzamala Layout,Guzamala,Borno,MODERATE,LOW,HIGH
148,6.31669,7.48377,Ezeagu Extension,Ezeagu,Enugu,LOW,HIGH,MODERATE
149,8.68502,5.27918,Edati GRA,Edati,Niger,MODERATE,HIGH,LOW
150,9.81842,9.61411,Inner Jos North,Jos North,Plateau,HIGH,MODERATE,HIGH
151,5.32684,8.39915,Calabar South Town,Calabar South,Cross River,LOW,HIGH,MODERATE
152,5.69844,6.90801,Owerri West Layout,Owerri West,Imo,HIGH,MODERATE,MODERATE
153,11.4547,10.61152,Toro Extension,Toro,Bauchi,MODERATE,LOW,MODERATE
154,7.74297,8.50383,Vandeikya GRA,Vandeikya,Benue,MODERATE,CRITICAL,MODERATE
155,4.95408,7.30865,Greater Etinan,Etinan,Akwa Ibom,LOW,LOW,MODERATE
156,7.2268,10.53667,Lau Estate,Lau,Taraba,HIGH,LOW,MODERATE
157,12.31224,5.17597,Gwandu Layout,Gwandu,Kebbi,LOW,LOW,MODERATE
158,13.60773,5.9462,Isa Extension,Isa,Sokoto,HIGH,CRITICAL,MODERATE
159,12.47435,6.65426,Maru GRA,Maru,Zamfara,MODERATE,HIGH,CRITICAL
160,6.58378,3.48612,Old Ikorodu,Ikorodu,Lagos,MODERATE,LOW,MODERATE
161,12.34068,8.41629,Bebeji Settlement,Bebeji,Kano,HIGH,LOW,HIGH
162,4.7422,7.237,Ahoada East Layout,Ahoada East,Rivers,MODERATE,LOW,MODERATE
163,10.86025,7.99032,Ikara Extension,Ikara,Kaduna,MODERATE,HIGH,MODERATE
164,6.17201,7.10876,Anaocha GRA,Anaocha,Anambra,MODERATE,LOW,MODERATE
165,5.43096,5.85412,North Warri South,Warri South,Delta,LOW,HIGH,HIGH
166,8.07333,4.13004,Ibadan South District,Ibadan South-East,Oyo,HIGH,HIGH,HIGH
167,10.46273,13.19288,Konduga Layout,Konduga,Borno,LOW,LOW,MODERATE
168,6.42929,7.35143,Igbo Extension,Igbo-Eze North,Enugu,HIGH,CRITICAL,HIGH
169,10.70236,5.30306,Suleja GRA,Suleja,Niger,MODERATE,LOW,HIGH
170,8.5218,8.63686,Outer Bassa,Bassa,Plateau,MODERATE,LOW,MODERATE
171,6.61892,8.94828,Etung Camp,Etung,Cross River,LOW,CRITICAL,LOW
172,5.52317,7.05966,Ideato North Layout,Ideato North,Imo,MODERATE,MODERATE,LOW
173,9.83783,10.83719,Kirfi Extension,Kirfi,Bauchi,CRITICAL,HIGH,HIGH
174,8.17055,9.07187,Tarka GRA,Tarka,Benue,LOW,MODERATE,MODERATE
175,5.00724,8.04583,Old Mbo,Mbo,Akwa Ibom,MODERATE,LOW,HIGH
176,8.09842,11.83948,Zing District,Zing,Taraba,MODERATE,MODERATE,LOW
177,12.94409,4.19682,Shanga Layout,Shanga,Kebbi,HIGH,LOW,CRITICAL
178,12.61706,4.20022,Silame Extension,Silame,Sokoto,MODERATE,MODERATE,LOW
179,11.80141,6.09082,Bukkuyum GRA,Bukkuyum,Zamfara,HIGH,MODERATE,HIGH
180,6.39327,3.37538,Central Ikeja,Ikeja,Lagos,CRITICAL,LOW,CRITICAL
181,11.83926,8.97959,Fagge Estate,Fagge,Kano,LOW,HIGH,HIGH
182,4.78975,6.99801,Okrika Layout,Okrika,Rivers,LOW,MODERATE,CRITICAL
183,10.24249,8.01562,Igabi Extension,Igabi,Kaduna,LOW,LOW,MODERATE
184,5.84761,7.11684,Nnewi South GRA,Nnewi South,Anambra,HIGH,CRITICAL,LOW
185,5.7596,5.70964,Upper Ethiope West,Ethiope West,Delta,HIGH,LOW,LOW
186,7.80862,4.07321,Ogbomosho South Village,Ogbomosho South,Oyo,HIGH,MODERATE,LOW
187,12.85291,14.04048,Kala Layout,Kala-Balge,Borno,CRITICAL,MODERATE,LOW
188,6.29248,7.69442,Awgu Extension,Awgu,Enugu,MODERATE,LOW,HIGH
189,10.58132,5.0365,Katcha GRA,Katcha,Niger,CRITICAL,CRITICAL,LOW
190,8.65161,9.28712,Inner Quan Pan,Quan Pan,Plateau,LOW,LOW,HIGH
191,5.42547,9.43491,Odukpani Community,Odukpani,Cross River,MODERATE,MODERATE,HIGH
192,5.85652,7.12364,Ngor Okpala Layout,Ngor Okpala,Imo,LOW,CRITICAL,MODERATE
193,10.95789,10.51178,Shira Extension,Shira,Bauchi,HIGH,CRITICAL,CRITICAL
194,7.34368,8.02052,Apa GRA,Apa,Benue,CRITICAL,LOW,MODERATE
195,5.17555,7.57201,Old Uyo,Uyo,Akwa Ibom,LOW,LOW,HIGH
196,8.66851,12.13446,Wukari Camp,Wukari,Taraba,CRITICAL,LOW,CRITICAL
197,12.10962,4.3519,Yauri Layout,Yauri,Kebbi,HIGH,HIGH,HIGH
198,13.53421,5.76177,Dange Extension,Dange-Shuni,Sokoto,MODERATE,CRITICAL,MODERATE
199,12.27891,6.78074,Bungudu GRA,Bungudu,Zamfara,LOW,HIGH,MODERATE
200,6.55734,3.51476,Lower Kosofe,Kosofe,Lagos,MODERATE,LOW,CRITICAL
201,12.15011,8.75687,Kumbotso Community,Kumbotso,Kano,HIGH,LOW,HIGH
202,4.72352,7.30432,Oyigbo Layout,Oyigbo,Rivers,MODERATE,MODERATE,LOW
203,10.99021,7.55553,Sanga Extension,Sanga,Kaduna,CRITICAL,MODERATE,HIGH
204,6.31727,7.1707,Aguata GRA,Aguata,Anambra,MODERATE,MODERATE,HIGH
205,5.41449,6.19192,East Isoko North,Isoko North,Delta,LOW,CRITICAL,LOW
206,8.1587,4.19394,Akinyele Community,Akinyele,Oyo,MODERATE,CRITICAL,HIGH
207,10.70628,13.96759,Guzamala Layout,Guzamala,Borno,MODERATE,LOW,MODERATE
208,6.41364,7.7395,Ezeagu Extension,Ezeagu,Enugu,LOW,HIGH,LOW
209,9.80759,4.8133,Edati GRA,Edati,Niger,CRITICAL,HIGH,LOW
210,9.70105,8.63975,Border Jos North,Jos North,Plateau,MODERATE,LOW,HIGH
211,6.05164,9.14825,Calabar South Village,Calabar South,Cross River,MODERATE,LOW,MODERATE
212,5.76204,7.4852,Owerri West Layout,Owerri West,Imo,CRITICAL,LOW,LOW
213,10.973,9.97088,Toro Extension,Toro,Bauchi,LOW,HIGH,HIGH
214,7.98165,8.81441,Vandeikya GRA,Vandeikya,Benue,HIGH,HIGH,MODERATE
215,4.83602,7.9588,Upper Etinan,Etinan,Akwa Ibom,MODERATE,CRITICAL,LOW
216,7.38041,11.78185,Lau Quarter,Lau,Taraba,HIGH,LOW,MODERATE
217,11.84005,6.02666,Gwandu Layout,Gwandu,Kebbi,MODERATE,LOW,LOW
218,12.91771,4.11533,Isa Extension,Isa,Sokoto,CRITICAL,LOW,HIGH
219,13.22914,6.04119,Maru GRA,Maru,Zamfara,LOW,HIGH,CRITICAL
220,6.57303,3.23527,North Ikorodu,Ikorodu,Lagos,MODERATE,HIGH,MODERATE
221,11.90653,8.34941,Bebeji Market,Bebeji,Kano,MODERATE,LOW,LOW
222,4.85801,6.90799,Ahoada East Layout,Ahoada East,Rivers,MODERATE,CRITICAL,MODERATE
223,10.92172,7.73136,Ikara Extension,Ikara,Kaduna,MODERATE,CRITICAL,HIGH
224,5.91387,7.15921,Anaocha GRA,Anaocha,Anambra,HIGH,MODERATE,CRITICAL
225,5.71297,5.718,Greater Warri South,Warri South,Delta,CRITICAL,CRITICAL,CRITICAL
226,7.43574,4.03785,Ibadan South Market,Ibadan South-East,Oyo,CRITICAL,LOW,LOW
227,11.16033,12.84392,Konduga Layout,Konduga,Borno,HIGH,MODERATE,LOW
228,6.33474,7.71345,Igbo Extension,Igbo-Eze North,Enugu,MODERATE,HIGH,LOW
229,10.53001,6.06975,Suleja GRA,Suleja,Niger,MODERATE,HIGH,LOW
230,10.01898,8.98209,East Bassa,Bassa,Plateau,CRITICAL,MODERATE,LOW
231,5.81202,8.54289,Etung Market,Etung,Cross River,LOW,LOW,MODERATE
232,5.63717,7.00965,Ideato North Layout,Ideato North,Imo,LOW,HIGH,MODERATE
233,10.3151,10.40534,Kirfi Extension,Kirfi,Bauchi,MODERATE,MODERATE,CRITICAL
234,7.23108,9.69041,Tarka GRA,Tarka,Benue,CRITICAL,MODERATE,MODERATE
235,4.99973,8.04148,Greater Mbo,Mbo,Akwa Ibom,LOW,MODERATE,MODERATE
236,7.25851,11.3766,Zing Quarter,Zing,Taraba,HIGH,MODERATE,HIGH
237,11.28055,5.62778,Shanga Layout,Shanga,Kebbi,LOW,MODERATE,MODERATE
238,13.58669,4.36637,Silame Extension,Silame,Sokoto,MODERATE,MODERATE,LOW
239,11.8008,5.82833,Bukkuyum GRA,Bukkuyum,Zamfara,HIGH,LOW,LOW
240,6.31172,3.42558,Central Ikeja,Ikeja,Lagos,LOW,LOW,LOW
241,11.82823,8.82866,Fagge Village,Fagge,Kano,HIGH,HIGH,LOW
242,4.7081,7.21923,Okrika Layout,Okrika,Rivers,MODERATE,MODERATE,HIGH
243,10.63731,7.68027,Igabi Extension,Igabi,Kaduna,HIGH,HIGH,HIGH
244,6.36254,7.07208,Nnewi South GRA,Nnewi South,Anambra,LOW,MODERATE,HIGH
245,5.64428,6.33911,Central Ethiope West,Ethiope West,Delta,LOW,CRITICAL,MODERATE
246,7.94054,4.03354,Ogbomosho South Community,Ogbomosho South,Oyo,HIGH,LOW,LOW
247,12.06956,14.10578,Kala Layout,Kala-Balge,Borno,LOW,HIGH,LOW
248,6.67488,7.44313,Awgu Extension,Awgu,Enugu,MODERATE,LOW,MODERATE
249,10.43848,4.83993,Katcha GRA,Katcha,Niger,HIGH,LOW,MODERATE
250,9.868,9.36952,Old Quan Pan,Quan Pan,Plateau,LOW,MODERATE,MODERATE
251,5.85215,8.97071,Odukpani Estate,Odukpani,Cross River,HIGH,MODERATE,LOW
252,5.42758,7.07795,Ngor Okpala Layout,Ngor Okpala,Imo,MODERATE,MODERATE,LOW
253,10.80319,9.44204,Shira Extension,Shira,Bauchi,MODERATE,MODERATE,LOW
254,8.21661,9.47438,Apa GRA,Apa,Benue,LOW,CRITICAL,HIGH
255,4.68661,7.81205,Inner Uyo,Uyo,Akwa Ibom,CRITICAL,HIGH,HIGH
256,7.62502,12.11945,Wukari Settlement,Wukari,Taraba,HIGH,LOW,CRITICAL
257,12.23892,5.17102,Yauri Layout,Yauri,Kebbi,LOW,MODERATE,LOW
258,13.54558,5.20407,Dange Extension,Dange-Shuni,Sokoto,HIGH,MODERATE,LOW
259,12.41595,6.24821,Bungudu GRA,Bungudu,Zamfara,HIGH,LOW,CRITICAL
260,6.6977,3.19533,Inner Kosofe,Kosofe,Lagos,MODERATE,CRITICAL,HIGH
261,11.89752,8.76397,Kumbotso Junction,Kumbotso,Kano,LOW,LOW,MODERATE
262,5.09139,6.99057,Oyigbo Layout,Oyigbo,Rivers,LOW,CRITICAL,CRITICAL
263,10.87447,8.12745,Sanga Extension,Sanga,Kaduna,MODERATE,LOW,LOW
264,5.87027,6.72543,Aguata GRA,Aguata,Anambra,MODERATE,MODERATE,CRITICAL
265,5.6288,6.03486,Inner Isoko North,Isoko North,Delta,LOW,MODERATE,MODERATE
266,7.46495,4.48503,Akinyele Estate,Akinyele,Oyo,LOW,MODERATE,MODERATE
267,13.76782,14.28323,Guzamala Layout,Guzamala,Borno,HIGH,HIGH,LOW
268,6.38753,7.46935,Ezeagu Extension,Ezeagu,Enugu,HIGH,LOW,LOW
269,10.32569,6.2766,Edati GRA,Edati,Niger,HIGH,MODERATE,CRITICAL
270,9.21689,8.95185,Greater Jos North,Jos North,Plateau,HIGH,MODERATE,LOW
271,6.19781,9.06848,Calabar South District,Calabar South,Cross River,HIGH,LOW,HIGH
272,5.66013,7.37147,Owerri West Layout,Owerri West,Imo,LOW,CRITICAL,LOW
273,11.01022,9.49677,Toro Extension,Toro,Bauchi,HIGH,LOW,HIGH
274,8.10884,9.29645,Vandeikya GRA,Vandeikya,Benue,LOW,LOW,HIGH
275,5.00175,7.70458,South Etinan,Etinan,Akwa Ibom,MODERATE,MODERATE,HIGH
276,9.21946,10.55683,Lau Market,Lau,Taraba,HIGH,LOW,MODERATE
277,12.90469,4.78521,Gwandu Layout,Gwandu,Kebbi,LOW,MODERATE,LOW
278,12.96873,5.59136,Isa Extension,Isa,Sokoto,LOW,HIGH,MODERATE
279,12.20959,7.26656,Maru GRA,Maru,Zamfara,LOW,LOW,HIGH
280,6.40132,3.27021,Lower Ikorodu,Ikorodu,Lagos,MODERATE,LOW,CRITICAL
281,12.03784,8.41547,Bebeji Town,Bebeji,Kano,MODERATE,HIGH,LOW
282,4.76234,7.08078,Ahoada East Layout,Ahoada East,Rivers,HIGH,MODERATE,LOW
283,10.556,8.10894,Ikara Extension,Ikara,Kaduna,MODERATE,CRITICAL,MODERATE
284,6.32265,6.91986,Anaocha GRA,Anaocha,Anambra,CRITICAL,HIGH,HIGH
285,5.3651,5.7319,New Warri South,Warri South,Delta,HIGH,MODERATE,HIGH
286,8.09782,4.12458,Ibadan South Quarter,Ibadan South-East,Oyo,MODERATE,HIGH,MODERATE
287,13.27701,12.57837,Konduga Layout,Konduga,Borno,LOW,MODERATE,HIGH
288,6.64714,7.75792,Igbo Extension,Igbo-Eze North,Enugu,HIGH,LOW,MODERATE
289,9.12315,6.91101,Suleja GRA,Suleja,Niger,MODERATE,MODERATE,HIGH
290,9.73853,9.08585,Upper Bassa,Bassa,Plateau,LOW,MODERATE,MODERATE
291,5.74269,8.07127,Etung Quarter,Etung,Cross River,LOW,MODERATE,LOW
292,5.46639,7.05354,Ideato North Layout,Ideato North,Imo,MODERATE,CRITICAL,LOW
293,11.3297,9.41719,Kirfi Extension,Kirfi,Bauchi,MODERATE,HIGH,HIGH
294,7.22551,8.61048,Tarka GRA,Tarka,Benue,MODERATE,LOW,LOW
295,4.94263,7.47962,Outer Mbo,Mbo,Akwa Ibom,LOW,LOW,CRITICAL
296,7.37455,12.08639,Zing Market,Zing,Taraba,MODERATE,MODERATE,HIGH
297,10.76997,4.52309,Shanga Layout,Shanga,Kebbi,CRITICAL,HIGH,HIGH
298,13.91202,5.51553,Silame Extension,Silame,Sokoto,HIGH,HIGH,LOW
299,11.60413,6.00895,Bukkuyum GRA,Bukkuyum,Zamfara,MODERATE,LOW,CRITICAL
300,6.52943,3.59241,Border Ikeja,Ikeja,Lagos,CRITICAL,LOW,LOW
301,12.30563,8.43529,Fagge Community,Fagge,Kano,CRITICAL,LOW,LOW
302,4.84877,7.03349,Okrika Layout,Okrika,Rivers,MODERATE,MODERATE,LOW
303,10.33022,8.15187,Igabi Extension,Igabi,Kaduna,LOW,MODERATE,CRITICAL
304,5.98964,6.97605,Nnewi South GRA,Nnewi South,Anambra,MODERATE,HIGH,MODERATE
305,5.46049,5.97226,Inner Ethiope West,Ethiope West,Delta,MODERATE,CRITICAL,MODERATE
306,7.44709,3.82081,Ogbomosho South Town,Ogbomosho South,Oyo,MODERATE,HIGH,LOW
307,11.2,12.73945,Kala Layout,Kala-Balge,Borno,LOW,CRITICAL,HIGH
308,6.56793,7.59615,Awgu Extension,Awgu,Enugu,LOW,MODERATE,LOW
309,10.23239,5.10043,Katcha GRA,Katcha,Niger,CRITICAL,MODERATE,HIGH
310,8.92056,9.88536,South Quan Pan,Quan Pan,Plateau,LOW,MODERATE,MODERATE
311,6.33424,8.8055,Odukpani Quarter,Odukpani,Cross River,MODERATE,MODERATE,HIGH
312,5.81485,7.17778,Ngor Okpala Layout,Ngor Okpala,Imo,MODERATE,LOW,LOW
313,11.46248,9.95625,Shira Extension,Shira,Bauchi,HIGH,LOW,HIGH
314,7.38006,9.52083,Apa GRA,Apa,Benue,MODERATE,CRITICAL,LOW
315,5.1965,7.41004,Upper Uyo,Uyo,Akwa Ibom,MODERATE,MODERATE,LOW
316,8.63341,11.86317,Wukari Market,Wukari,Taraba,CRITICAL,CRITICAL,MODERATE
317,11.59315,5.39305,Yauri Layout,Yauri,Kebbi,HIGH,CRITICAL,MODERATE
318,13.71428,5.7652,Dange Extension,Dange-Shuni,Sokoto,MODERATE,HIGH,LOW
319,12.46992,6.99313,Bungudu GRA,Bungudu,Zamfara,MODERATE,CRITICAL,MODERATE
320,6.58991,3.22295,Upper Kosofe,Kosofe,Lagos,HIGH,MODERATE,MODERATE
321,12.21498,8.7945,Kumbotso Junction,Kumbotso,Kano,MODERATE,MODERATE,MODERATE
322,4.7208,7.39787,Oyigbo Layout,Oyigbo,Rivers,CRITICAL,LOW,MODERATE
323,10.9076,7.70445,Sanga Extension,Sanga,Kaduna,LOW,MODERATE,CRITICAL
324,6.02379,7.11839,Aguata GRA,Aguata,Anambra,HIGH,CRITICAL,MODERATE
325,5.45062,6.23571,Inner Isoko North,Isoko North,Delta,LOW,MODERATE,CRITICAL
326,7.4632,4.08702,Akinyele Camp,Akinyele,Oyo,CRITICAL,MODERATE,LOW
327,10.85975,14.25241,Guzamala Layout,Guzamala,Borno,HIGH,LOW,CRITICAL
328,6.5029,7.44896,Ezeagu Extension,Ezeagu,Enugu,MODERATE,MODERATE,LOW
329,9.36633,6.35404,Edati GRA,Edati,Niger,HIGH,HIGH,HIGH
330,9.72382,9.94779,West Jos North,Jos North,Plateau,HIGH,MODERATE,HIGH
331,5.4534,8.84818,Calabar South District,Calabar South,Cross River,CRITICAL,MODERATE,HIGH
332,5.56731,7.16433,Owerri West Layout,Owerri West,Imo,HIGH,LOW,HIGH
333,10.41169,9.89463,Toro Extension,Toro,Bauchi,MODERATE,CRITICAL,HIGH
334,6.91665,9.60446,Vandeikya GRA,Vandeikya,Benue,MODERATE,LOW,MODERATE
335,4.70833,7.50651,Lower Etinan,Etinan,Akwa Ibom,LOW,LOW,HIGH
336,7.68316,11.03458,Lau Estate,Lau,Taraba,LOW,MODERATE,CRITICAL
337,12.29975,5.21192,Gwandu Layout,Gwandu,Kebbi,LOW,CRITICAL,LOW
338,13.7928,4.20463,Isa Extension,Isa,Sokoto,HIGH,CRITICAL,CRITICAL
339,12.51183,6.61253,Maru GRA,Maru,Zamfara,HIGH,MODERATE,MODERATE
340,6.47275,3.51808,West Ikorodu,Ikorodu,Lagos,HIGH,CRITICAL,MODERATE
341,12.15557,8.40135,Bebeji Settlement,Bebeji,Kano,MODERATE,MODERATE,LOW
342,4.75278,7.33575,Ahoada East Layout,Ahoada East,Rivers,MODERATE,CRITICAL,LOW
343,10.64257,7.82158,Ikara Extension,Ikara,Kaduna,LOW,MODERATE,MODERATE
344,6.10836,7.11947,Anaocha GRA,Anaocha,Anambra,HIGH,MODERATE,MODERATE
345,5.72406,6.42186,Central Warri South,Warri South,Delta,CRITICAL,LOW,HIGH
346,8.14123,4.07236,Ibadan South District,Ibadan South-East,Oyo,CRITICAL,CRITICAL,MODERATE
347,11.40103,13.93899,Konduga Layout,Konduga,Borno,LOW,MODERATE,MODERATE
348,6.56188,7.68605,Igbo Extension,Igbo-Eze North,Enugu,MODERATE,MODERATE,HIGH
349,10.42025,5.59746,Suleja GRA,Suleja,Niger,LOW,LOW,MODERATE
350,9.30376,9.61483,South Bassa,Bassa,Plateau,HIGH,LOW,MODERATE
351,6.58368,8.32243,Etung Estate,Etung,Cross River,HIGH,CRITICAL,MODERATE
352,5.79747,7.0917,Ideato North Layout,Ideato North,Imo,LOW,MODERATE,LOW
353,10.60947,9.88217,Kirfi Extension,Kirfi,Bauchi,MODERATE,CRITICAL,LOW
354,6.78885,8.75627,Tarka GRA,Tarka,Benue,HIGH,MODERATE,CRITICAL
355,5.15368,8.04564,Border Mbo,Mbo,Akwa Ibom,HIGH,CRITICAL,HIGH
356,7.81642,10.62173,Zing Junction,Zing,Taraba,HIGH,HIGH,HIGH
357,10.76035,5.68001,Shanga Layout,Shanga,Kebbi,HIGH,MODERATE,MODERATE
358,12.66048,5.68531,Silame Extension,Silame,Sokoto,CRITICAL,LOW,HIGH
359,12.88802,7.17286,Bukkuyum GRA,Bukkuyum,Zamfara,HIGH,LOW,MODERATE
360,6.64056,3.32429,Lower Ikeja,Ikeja,Lagos,MODERATE,LOW,MODERATE
361,12.00609,8.5617,Fagge Junction,Fagge,Kano,MODERATE,CRITICAL,LOW
362,4.81417,7.30188,Okrika Layout,Okrika,Rivers,MODERATE,LOW,HIGH
363,10.47424,7.55622,Igabi Extension,Igabi,Kaduna,MODERATE,MODERATE,MODERATE
364,6.38678,7.04272,Nnewi South GRA,Nnewi South,Anambra,MODERATE,HIGH,LOW
365,5.34075,6.39343,East Ethiope West,Ethiope West,Delta,HIGH,LOW,LOW
366,7.71737,3.77301,Ogbomosho South Quarter,Ogbomosho South,Oyo,CRITICAL,HIGH,LOW
367,12.79829,13.56575,Kala Layout,Kala-Balge,Borno,MODERATE,HIGH,LOW
368,6.13104,7.28824,Awgu Extension,Awgu,Enugu,MODERATE,HIGH,LOW
369,10.3208,4.68163,Katcha GRA,Katcha,Niger,LOW,LOW,LOW
370,9.92374,9.55389,North Quan Pan,Quan Pan,Plateau,MODERATE,HIGH,HIGH
371,6.07097,9.47634,Odukpani Village,Odukpani,Cross River,LOW,MODERATE,LOW
372,5.84238,6.94281,Ngor Okpala Layout,Ngor Okpala,Imo,MODERATE,LOW,MODERATE
373,11.46791,10.10658,Shira Extension,Shira,Bauchi,HIGH,LOW,LOW
374,6.70954,7.75514,Apa GRA,Apa,Benue,MODERATE,HIGH,MODERATE
375,5.19924,7.61373,Greater Uyo,Uyo,Akwa Ibom,LOW,CRITICAL,MODERATE
376,9.39831,10.95128,Wukari Estate,Wukari,Taraba,HIGH,MODERATE,MODERATE
377,11.28827,5.94761,Yauri Layout,Yauri,Kebbi,MODERATE,MODERATE,HIGH
378,12.62385,5.88731,Dange Extension,Dange-Shuni,Sokoto,LOW,LOW,LOW
379,11.8378,6.881,Bungudu GRA,Bungudu,Zamfara,LOW,CRITICAL,LOW
380,6.33317,3.54126,North Kosofe,Kosofe,Lagos,MODERATE,HIGH,CRITICAL
381,11.83769,8.46032,Kumbotso Quarter,Kumbotso,Kano,MODERATE,CRITICAL,HIGH
382,4.73222,7.37425,Oyigbo Layout,Oyigbo,Rivers,LOW,LOW,CRITICAL
383,11.0731,7.39158,Sanga Extension,Sanga,Kaduna,CRITICAL,MODERATE,MODERATE
384,6.14399,6.71838,Aguata GRA,Aguata,Anambra,MODERATE,LOW,LOW
385,5.69149,5.7048,New Isoko North,Isoko North,Delta,LOW,HIGH,HIGH
386,7.52702,3.90529,Akinyele Village,Akinyele,Oyo,MODERATE,LOW,HIGH
387,11.78083,14.37776,Guzamala Layout,Guzamala,Borno,HIGH,MODERATE,HIGH
388,6.07333,7.7978,Ezeagu Extension,Ezeagu,Enugu,MODERATE,MODERATE,HIGH
389,10.68629,5.86081,Edati GRA,Edati,Niger,LOW,HIGH,HIGH
390,8.58302,9.32569,Upper Jos North,Jos North,Plateau,LOW,LOW,HIGH
391,5.39068,8.89186,Calabar South Community,Calabar South,Cross River,HIGH,CRITICAL,CRITICAL
392,5.58311,7.27618,Owerri West Layout,Owerri West,Imo,CRITICAL,CRITICAL,CRITICAL
393,9.88332,10.03925,Toro Extension,Toro,Bauchi,MODERATE,HIGH,HIGH
394,7.67966,8.55482,Vandeikya GRA,Vandeikya,Benue,MODERATE,LOW,HIGH
395,4.87688,7.76897,Outer Etinan,Etinan,Akwa Ibom,MODERATE,MODERATE,LOW
396,8.37865,11.51376,Lau Camp,Lau,Taraba,LOW,HIGH,LOW
397,10.62484,4.76475,Gwandu Layout,Gwandu,Kebbi,CRITICAL,LOW,HIGH
398,13.41443,5.03266,Isa Extension,Isa,Sokoto,CRITICAL,HIGH,LOW
399,12.4265,7.35782,Maru GRA,Maru,Zamfara,CRITICAL,MODERATE,CRITICAL
400,6.47313,3.2981,Central Ikorodu,Ikorodu,Lagos,CRITICAL,HIGH,MODERATE
401,11.93544,8.45934,Bebeji Camp,Bebeji,Kano,MODERATE,HIGH,MODERATE
402,4.90075,7.21974,Ahoada East Layout,Ahoada East,Rivers,CRITICAL,LOW,CRITICAL
403,10.64067,7.72273,Ikara Extension,Ikara,Kaduna,MODERATE,MODERATE,LOW
404,6.35594,7.19725,Anaocha GRA,Anaocha,Anambra,MODERATE,MODERATE,LOW
405,5.47318,6.00613,East Warri South,Warri South,Delta,MODERATE,LOW,MODERATE
406,7.45994,4.2119,Ibadan South Market,Ibadan South-East,Oyo,LOW,LOW,HIGH
407,12.16674,14.56725,Konduga Layout,Konduga,Borno,CRITICAL,LOW,LOW
408,6.50867,7.66004,Igbo Extension,Igbo-Eze North,Enugu,HIGH,MODERATE,HIGH
409,10.74915,4.91884,Suleja GRA,Suleja,Niger,MODERATE,LOW,CRITICAL
410,9.72044,8.87162,New Bassa,Bassa,Plateau,LOW,LOW,LOW
411,6.51652,9.20092,Etung Town,Etung,Cross River,MODERATE,MODERATE,MODERATE
412,5.74112,7.22489,Ideato North Layout,Ideato North,Imo,MODERATE,MODERATE,LOW
413,10.318,9.43223,Kirfi Extension,Kirfi,Bauchi,CRITICAL,MODERATE,MODERATE
414,7.04297,8.66067,Tarka GRA,Tarka,Benue,MODERATE,MODERATE,HIGH
415,4.90886,7.81854,Outer Mbo,Mbo,Akwa Ibom,MODERATE,MODERATE,HIGH
416,8.50047,10.91735,Zing Market,Zing,Taraba,MODERATE,HIGH,MODERATE
417,11.93082,3.94523,Shanga Layout,Shanga,Kebbi,MODERATE,MODERATE,LOW
418,13.1845,5.68321,Silame Extension,Silame,Sokoto,CRITICAL,MODERATE,LOW
419,12.02965,6.70872,Bukkuyum GRA,Bukkuyum,Zamfara,MODERATE,LOW,HIGH
420,6.30653,3.62088,Upper Ikeja,Ikeja,Lagos,MODERATE,LOW,LOW
421,12.09765,8.6934,Fagge Market,Fagge,Kano,LOW,CRITICAL,LOW
422,4.79112,7.10076,Okrika Layout,Okrika,Rivers,HIGH,HIGH,CRITICAL
423,10.77904,7.88242,Igabi Extension,Igabi,Kaduna,CRITICAL,MODERATE,HIGH
424,6.23794,6.94238,Nnewi South GRA,Nnewi South,Anambra,MODERATE,HIGH,CRITICAL
425,5.36456,5.60553,West Ethiope West,Ethiope West,Delta,MODERATE,LOW,MODERATE
426,7.37852,3.85032,Ogbomosho South Market,Ogbomosho South,Oyo,MODERATE,CRITICAL,LOW
427,11.72054,13.64243,Kala Layout,Kala-Balge,Borno,MODERATE,LOW,CRITICAL
428,6.54582,7.58309,Awgu Extension,Awgu,Enugu,MODERATE,LOW,MODERATE
429,8.74844,7.00814,Katcha GRA,Katcha,Niger,MODERATE,LOW,HIGH
430,9.46658,9.9288,Inner Quan Pan,Quan Pan,Plateau,MODERATE,MODERATE,MODERATE
431,6.42981,8.22443,Odukpani Estate,Odukpani,Cross River,CRITICAL,MODERATE,LOW
432,5.72922,6.96735,Ngor Okpala Layout,Ngor Okpala,Imo,HIGH,CRITICAL,MODERATE
433,9.90709,10.68042,Shira Extension,Shira,Bauchi,HIGH,LOW,LOW
434,7.94621,7.75131,Apa GRA,Apa,Benue,HIGH,LOW,LOW
435,4.73124,7.92366,South Uyo,Uyo,Akwa Ibom,MODERATE,MODERATE,MODERATE
436,8.71241,12.19621,Wukari Settlement,Wukari,Taraba,LOW,HIGH,CRITICAL
437,12.49284,5.30317,Yauri Layout,Yauri,Kebbi,MODERATE,MODERATE,LOW
438,13.4479,4.71358,Dange Extension,Dange-Shuni,Sokoto,CRITICAL,MODERATE,MODERATE
439,13.4028,6.93052,Bungudu GRA,Bungudu,Zamfara,MODERATE,CRITICAL,MODERATE
440,6.37997,3.4135,North Kosofe,Kosofe,Lagos,CRITICAL,MODERATE,LOW
441,11.81774,8.80988,Kumbotso Camp,Kumbotso,Kano,CRITICAL,HIGH,CRITICAL
442,5.04427,7.30498,Oyigbo Layout,Oyigbo,Rivers,LOW,MODERATE,HIGH
443,10.80115,7.72524,Sanga Extension,Sanga,Kaduna,LOW,HIGH,LOW
444,6.2595,6.97436,Aguata GRA,Aguata,Anambra,CRITICAL,HIGH,MODERATE
445,5.57986,5.7164,North Isoko North,Isoko North,Delta,CRITICAL,HIGH,LOW
446,8.15943,3.90157,Akinyele District,Akinyele,Oyo,HIGH,MODERATE,LOW
447,13.26378,14.4597,Guzamala Layout,Guzamala,Borno,LOW,MODERATE,HIGH
448,6.55618,7.75381,Ezeagu Extension,Ezeagu,Enugu,MODERATE,MODERATE,LOW
449,10.03749,5.42603,Edati GRA,Edati,Niger,HIGH,HIGH,LOW
450,9.30089,9.7499,Lower Jos North,Jos North,Plateau,CRITICAL,CRITICAL,LOW
451,6.64944,9.44816,Calabar South Town,Calabar South,Cross River,MODERATE,LOW,MODERATE
452,5.73479,7.2406,Owerri West Layout,Owerri West,Imo,MODERATE,MODERATE,LOW
453,9.91158,9.99496,Toro Extension,Toro,Bauchi,CRITICAL,LOW,HIGH
454,7.66491,8.32418,Vandeikya GRA,Vandeikya,Benue,HIGH,HIGH,CRITICAL
455,4.50498,7.4554,South Etinan,Etinan,Akwa Ibom,LOW,HIGH,HIGH
456,8.94945,10.08037,Lau Village,Lau,Taraba,CRITICAL,CRITICAL,HIGH
457,11.91029,4.98136,Gwandu Layout,Gwandu,Kebbi,MODERATE,MODERATE,CRITICAL
458,12.9703,5.74894,Isa Extension,Isa,Sokoto,HIGH,LOW,MODERATE
459,12.01707,7.0362,Maru GRA,Maru,Zamfara,MODERATE,LOW,HIGH
460,6.36321,3.26954,North Ikorodu,Ikorodu,Lagos,CRITICAL,MODERATE,MODERATE
461,12.34632,8.51572,Bebeji Village,Bebeji,Kano,MODERATE,MODERATE,MODERATE
462,4.93045,7.01162,Ahoada East Layout,Ahoada East,Rivers,LOW,HIGH,MODERATE
463,10.78064,7.99008,Ikara Extension,Ikara,Kaduna,MODERATE,LOW,LOW
464,6.11123,7.0362,Anaocha GRA,Anaocha,Anambra,HIGH,HIGH,CRITICAL
465,5.59099,6.16046,Lower Warri South,Warri South,Delta,LOW,LOW,LOW
466,7.76731,3.86171,Ibadan South District,Ibadan South-East,Oyo,HIGH,LOW,HIGH
467,12.87621,14.09208,Konduga Layout,Konduga,Borno,CRITICAL,MODERATE,MODERATE
468,6.20766,7.37768,Igbo Extension,Igbo-Eze North,Enugu,MODERATE,HIGH,MODERATE
469,10.59467,4.68018,Suleja GRA,Suleja,Niger,LOW,CRITICAL,MODERATE
470,9.3369,9.99118,Greater Bassa,Bassa,Plateau,LOW,HIGH,LOW
471,6.49945,8.96072,Etung Quarter,Etung,Cross River,MODERATE,LOW,HIGH
472,5.42686,6.92954,Ideato North Layout,Ideato North,Imo,MODERATE,MODERATE,CRITICAL
473,11.13914,9.66882,Kirfi Extension,Kirfi,Bauchi,MODERATE,MODERATE,CRITICAL
474,7.44902,7.96492,Tarka GRA,Tarka,Benue,CRITICAL,MODERATE,HIGH
475,4.85919,7.9793,Central Mbo,Mbo,Akwa Ibom,CRITICAL,LOW,MODERATE
476,8.63036,11.44233,Zing Camp,Zing,Taraba,LOW,LOW,HIGH
477,11.79795,5.04562,Shanga Layout,Shanga,Kebbi,MODERATE,HIGH,MODERATE
478,12.78604,5.38868,Silame Extension,Silame,Sokoto,MODERATE,MODERATE,LOW
479,11.51437,5.86269,Bukkuyum GRA,Bukkuyum,Zamfara,LOW,LOW,CRITICAL
480,6.69428,3.27792,Outer Ikeja,Ikeja,Lagos,MODERATE,LOW,MODERATE
481,11.88089,8.34066,Fagge Quarter,Fagge,Kano,MODERATE,MODERATE,HIGH
482,4.91437,7.11681,Okrika Layout,Okrika,Rivers,MODERATE,LOW,MODERATE
483,10.76652,7.85264,Igabi Extension,Igabi,Kaduna,HIGH,MODERATE,MODERATE
484,6.36983,6.90157,Nnewi South GRA,Nnewi South,Anambra,CRITICAL,LOW,HIGH
485,5.41036,5.78685,Border Ethiope West,Ethiope West,Delta,HIGH,HIGH,MODERATE
486,7.34132,4.13388,Ogbomosho South District,Ogbomosho South,Oyo,CRITICAL,MODERATE,LOW
487,13.6938,13.08298,Kala Layout,Kala-Balge,Borno,LOW,MODERATE,MODERATE
488,6.09926,7.47262,Awgu Extension,Awgu,Enugu,CRITICAL,LOW,HIGH
489,10.8855,5.53139,Katcha GRA,Katcha,Niger,LOW,MODERATE,LOW
490,9.87428,8.8281,New Quan Pan,Quan Pan,Plateau,LOW,MODERATE,MODERATE
491,5.4177,8.10477,Odukpani Town,Odukpani,Cross River,MODERATE,MODERATE,HIGH
492,5.78246,7.0867,Ngor Okpala Layout,Ngor Okpala,Imo,LOW,HIGH,CRITICAL
493,10.79629,10.92015,Shira Extension,Shira,Bauchi,LOW,MODERATE,CRITICAL
494,8.26282,8.58446,Apa GRA,Apa,Benue,MODERATE,MODERATE,MODERATE
495,4.53106,7.3993,Outer Uyo,Uyo,Akwa Ibom,HIGH,CRITICAL,CRITICAL
496,8.54665,10.94225,Wukari Settlement,Wukari,Taraba,HIGH,MODERATE,LOW
497,10.74899,5.22477,Yauri Layout,Yauri,Kebbi,CRITICAL,LOW,MODERATE
498,13.75448,5.2362,Dange Extension,Dange-Shuni,Sokoto,LOW,LOW,CRITICAL
499,12.92159,6.61683,Bungudu GRA,Bungudu,Zamfara,MODERATE,LOW,CRITICAL
500,6.6788,3.59566,Outer Kosofe,Kosofe,Lagos,LOW,MODERATE,HIGH
